{
    "type": "FeatureCollection",
    "name": "Enrique B. Magalona Municipality",
    "crs": {
        "type": "name",
        "properties": {
            "name": "urn:ogc:def:crs:OGC:1.3:CRS84"
        }
    },
    "metadata": {
        "source": "OpenStreetMap via Nominatim API",
        "licence": "Data © OpenStreetMap contributors, ODbL 1.0",
        "psgc_id": "1804508000",
        "old_psgc": "064508000",
        "former_name": "Saravia",
        "province": "Negros Occidental",
        "region": "Negros Island Region",
        "country": "Philippines",
        "barangay_count": 23,
        "generated_date": "2026-02-04",
        "osm_relation_id": 13279611
    },
    "features": [
        {
            "type": "Feature",
            "properties": {
                "name": "Enrique B. Magalona",
                "type": "municipality",
                "psgc_id": "1804508000",
                "old_psgc": "064508000",
                "former_name": "Saravia",
                "province": "Negros Occidental",
                "region": "Negros Island Region",
                "country": "Philippines",
                "zip_code": "6118",
                "nickname": "Blue Crabs Capital of Negros Occidental",
                "osm_type": "relation",
                "osm_id": 13279611,
                "place_rank": 12,
                "importance": 0.3734061249001975
            },
            "bbox": [
                122.8665296,
                10.6867349,
                123.2681785,
                11.0011026
            ],
            "geometry": {
                "type": "Polygon",
                "coordinates": [
                    [
                        [
                            122.8665296,
                            10.8722113
                        ],
                        [
                            122.9435324,
                            10.8568151
                        ],
                        [
                            122.9444725,
                            10.8562765
                        ],
                        [
                            122.9455071,
                            10.8562506
                        ],
                        [
                            122.9464668,
                            10.8558956
                        ],
                        [
                            122.9501253,
                            10.8515017
                        ],
                        [
                            122.9506081,
                            10.8509827
                        ],
                        [
                            122.9511553,
                            10.8505612
                        ],
                        [
                            122.9517883,
                            10.8502451
                        ],
                        [
                            122.9524535,
                            10.8501187
                        ],
                        [
                            122.953301,
                            10.8501081
                        ],
                        [
                            122.9540091,
                            10.8502978
                        ],
                        [
                            122.9546588,
                            10.8506455
                        ],
                        [
                            122.9550343,
                            10.8508773
                        ],
                        [
                            122.955442,
                            10.8509722
                        ],
                        [
                            122.9556839,
                            10.8507467
                        ],
                        [
                            122.9557719,
                            10.850559
                        ],
                        [
                            122.9560067,
                            10.8499559
                        ],
                        [
                            122.9559508,
                            10.8496915
                        ],
                        [
                            122.9557262,
                            10.8494385
                        ],
                        [
                            122.9555866,
                            10.8490603
                        ],
                        [
                            122.9555229,
                            10.8488368
                        ],
                        [
                            122.9555789,
                            10.8486004
                        ],
                        [
                            122.9557954,
                            10.8483588
                        ],
                        [
                            122.9559045,
                            10.8480908
                        ],
                        [
                            122.9558303,
                            10.8477071
                        ],
                        [
                            122.9559171,
                            10.8473392
                        ],
                        [
                            122.9556888,
                            10.8465586
                        ],
                        [
                            122.9555898,
                            10.8463073
                        ],
                        [
                            122.9556196,
                            10.8461614
                        ],
                        [
                            122.9557113,
                            10.8460907
                        ],
                        [
                            122.9558016,
                            10.8456849
                        ],
                        [
                            122.955793,
                            10.8454093
                        ],
                        [
                            122.955924,
                            10.845139
                        ],
                        [
                            122.9561434,
                            10.8448549
                        ],
                        [
                            122.9562193,
                            10.8445376
                        ],
                        [
                            122.9563841,
                            10.8443772
                        ],
                        [
                            122.9567583,
                            10.8441876
                        ],
                        [
                            122.9571266,
                            10.8441498
                        ],
                        [
                            122.9574271,
                            10.8443601
                        ],
                        [
                            122.9577636,
                            10.8446156
                        ],
                        [
                            122.9582438,
                            10.8448565
                        ],
                        [
                            122.9584519,
                            10.8448879
                        ],
                        [
                            122.9587387,
                            10.844886
                        ],
                        [
                            122.9590505,
                            10.8447848
                        ],
                        [
                            122.9592275,
                            10.8446588
                        ],
                        [
                            122.9594674,
                            10.8439274
                        ],
                        [
                            122.9597795,
                            10.8436579
                        ],
                        [
                            122.9599546,
                            10.8435371
                        ],
                        [
                            122.9602131,
                            10.843437
                        ],
                        [
                            122.9603832,
                            10.8434573
                        ],
                        [
                            122.9605697,
                            10.843546
                        ],
                        [
                            122.9607601,
                            10.8436414
                        ],
                        [
                            122.9609506,
                            10.8436626
                        ],
                        [
                            122.9611657,
                            10.843599
                        ],
                        [
                            122.9613571,
                            10.8434942
                        ],
                        [
                            122.9615211,
                            10.8433342
                        ],
                        [
                            122.961605,
                            10.8432044
                        ],
                        [
                            122.961644,
                            10.8430441
                        ],
                        [
                            122.9616183,
                            10.8428718
                        ],
                        [
                            122.9615511,
                            10.8426086
                        ],
                        [
                            122.9615133,
                            10.8424537
                        ],
                        [
                            122.9614411,
                            10.8423176
                        ],
                        [
                            122.9614481,
                            10.8421859
                        ],
                        [
                            122.9614798,
                            10.8420785
                        ],
                        [
                            122.9616076,
                            10.8419306
                        ],
                        [
                            122.9617631,
                            10.8418281
                        ],
                        [
                            122.9619539,
                            10.8418167
                        ],
                        [
                            122.9623535,
                            10.8415633
                        ],
                        [
                            122.9628516,
                            10.8412781
                        ],
                        [
                            122.9629666,
                            10.8412752
                        ],
                        [
                            122.9631073,
                            10.8413222
                        ],
                        [
                            122.9633511,
                            10.8416583
                        ],
                        [
                            122.9634924,
                            10.8417834
                        ],
                        [
                            122.9636032,
                            10.841846
                        ],
                        [
                            122.9637262,
                            10.8418783
                        ],
                        [
                            122.9642971,
                            10.8418699
                        ],
                        [
                            122.9647991,
                            10.8419123
                        ],
                        [
                            122.9654667,
                            10.8418614
                        ],
                        [
                            122.9659603,
                            10.8418077
                        ],
                        [
                            122.9661852,
                            10.8417153
                        ],
                        [
                            122.9664495,
                            10.8415251
                        ],
                        [
                            122.966861,
                            10.8412561
                        ],
                        [
                            122.9672814,
                            10.8410426
                        ],
                        [
                            122.9675511,
                            10.840949
                        ],
                        [
                            122.9677734,
                            10.8414423
                        ],
                        [
                            122.9678971,
                            10.841649
                        ],
                        [
                            122.9680578,
                            10.8418481
                        ],
                        [
                            122.9682141,
                            10.8419696
                        ],
                        [
                            122.9684778,
                            10.8420932
                        ],
                        [
                            122.9686985,
                            10.8421865
                        ],
                        [
                            122.9688611,
                            10.8422255
                        ],
                        [
                            122.9689694,
                            10.8422196
                        ],
                        [
                            122.9690757,
                            10.8421668
                        ],
                        [
                            122.9812707,
                            10.8393452
                        ],
                        [
                            122.9993093,
                            10.8351681
                        ],
                        [
                            123.0117803,
                            10.8320374
                        ],
                        [
                            123.0139629,
                            10.8350278
                        ],
                        [
                            123.0205045,
                            10.8500587
                        ],
                        [
                            123.0303648,
                            10.845553
                        ],
                        [
                            123.0307128,
                            10.8446517
                        ],
                        [
                            123.0304751,
                            10.8444105
                        ],
                        [
                            123.0300836,
                            10.8439605
                        ],
                        [
                            123.0298935,
                            10.8434625
                        ],
                        [
                            123.0298618,
                            10.8427311
                        ],
                        [
                            123.0298776,
                            10.841953
                        ],
                        [
                            123.0300995,
                            10.8409258
                        ],
                        [
                            123.0300202,
                            10.8401322
                        ],
                        [
                            123.0294498,
                            10.8392918
                        ],
                        [
                            123.028816,
                            10.8387004
                        ],
                        [
                            123.0282456,
                            10.8382024
                        ],
                        [
                            123.0280396,
                            10.837611
                        ],
                        [
                            123.0280237,
                            10.8369107
                        ],
                        [
                            123.0282139,
                            10.8359769
                        ],
                        [
                            123.0290061,
                            10.8351521
                        ],
                        [
                            123.030147,
                            10.8346229
                        ],
                        [
                            123.0306005,
                            10.8343769
                        ],
                        [
                            123.0312086,
                            10.8340471
                        ],
                        [
                            123.032213,
                            10.8333787
                        ],
                        [
                            123.0331846,
                            10.8327379
                        ],
                        [
                            123.0349672,
                            10.8318243
                        ],
                        [
                            123.036417,
                            10.8309633
                        ],
                        [
                            123.0390805,
                            10.830599
                        ],
                        [
                            123.0406314,
                            10.8303672
                        ],
                        [
                            123.0420812,
                            10.8299699
                        ],
                        [
                            123.0432949,
                            10.8293076
                        ],
                        [
                            123.0446099,
                            10.8283472
                        ],
                        [
                            123.0460775,
                            10.8274747
                        ],
                        [
                            123.0462165,
                            10.8273922
                        ],
                        [
                            123.0468571,
                            10.8271935
                        ],
                        [
                            123.0477675,
                            10.8269451
                        ],
                        [
                            123.0491498,
                            10.8268623
                        ],
                        [
                            123.0504647,
                            10.8267133
                        ],
                        [
                            123.0517459,
                            10.8264153
                        ],
                        [
                            123.0520466,
                            10.8261709
                        ],
                        [
                            123.0531114,
                            10.8253059
                        ],
                        [
                            123.0540044,
                            10.8238657
                        ],
                        [
                            123.0542409,
                            10.8234845
                        ],
                        [
                            123.0549657,
                            10.8222924
                        ],
                        [
                            123.0546475,
                            10.8207148
                        ],
                        [
                            123.0543931,
                            10.819121
                        ],
                        [
                            123.05493,
                            10.8180449
                        ],
                        [
                            123.0550294,
                            10.8178458
                        ],
                        [
                            123.055162,
                            10.8175802
                        ],
                        [
                            123.0553171,
                            10.8172431
                        ],
                        [
                            123.0559037,
                            10.8170006
                        ],
                        [
                            123.0566623,
                            10.8167854
                        ],
                        [
                            123.0585335,
                            10.8162058
                        ],
                        [
                            123.0592853,
                            10.815864
                        ],
                        [
                            123.0605733,
                            10.8152786
                        ],
                        [
                            123.0608863,
                            10.8150856
                        ],
                        [
                            123.0611384,
                            10.8149329
                        ],
                        [
                            123.0613214,
                            10.8147735
                        ],
                        [
                            123.0615217,
                            10.8145327
                        ],
                        [
                            123.0618048,
                            10.8141697
                        ],
                        [
                            123.0621571,
                            10.8138611
                        ],
                        [
                            123.0623086,
                            10.8137623
                        ],
                        [
                            123.0636604,
                            10.8133829
                        ],
                        [
                            123.0652268,
                            10.8130878
                        ],
                        [
                            123.0666227,
                            10.8130811
                        ],
                        [
                            123.0675108,
                            10.8133855
                        ],
                        [
                            123.0682643,
                            10.8136885
                        ],
                        [
                            123.0685742,
                            10.8138255
                        ],
                        [
                            123.0689127,
                            10.8142206
                        ],
                        [
                            123.0689562,
                            10.8144249
                        ],
                        [
                            123.0689928,
                            10.8145973
                        ],
                        [
                            123.0689114,
                            10.8149065
                        ],
                        [
                            123.068822,
                            10.8151253
                        ],
                        [
                            123.0687758,
                            10.8152167
                        ],
                        [
                            123.0685255,
                            10.8155679
                        ],
                        [
                            123.0680963,
                            10.8160363
                        ],
                        [
                            123.0678341,
                            10.8164461
                        ],
                        [
                            123.0679414,
                            10.8169261
                        ],
                        [
                            123.0684778,
                            10.8172422
                        ],
                        [
                            123.0689784,
                            10.8178042
                        ],
                        [
                            123.069789,
                            10.8179682
                        ],
                        [
                            123.0703061,
                            10.8176648
                        ],
                        [
                            123.0707069,
                            10.8174296
                        ],
                        [
                            123.0715413,
                            10.8169729
                        ],
                        [
                            123.0727214,
                            10.8165397
                        ],
                        [
                            123.0735558,
                            10.8157435
                        ],
                        [
                            123.0744052,
                            10.8150226
                        ],
                        [
                            123.0744977,
                            10.8149139
                        ],
                        [
                            123.0745578,
                            10.8148594
                        ],
                        [
                            123.0751079,
                            10.8144167
                        ],
                        [
                            123.0753922,
                            10.8143271
                        ],
                        [
                            123.0760038,
                            10.8141611
                        ],
                        [
                            123.0772071,
                            10.8141856
                        ],
                        [
                            123.0782172,
                            10.8144872
                        ],
                        [
                            123.0791782,
                            10.8148916
                        ],
                        [
                            123.0813874,
                            10.8157201
                        ],
                        [
                            123.0830682,
                            10.8160831
                        ],
                        [
                            123.0850827,
                            10.8161885
                        ],
                        [
                            123.0870972,
                            10.8158255
                        ],
                        [
                            123.0882094,
                            10.8148611
                        ],
                        [
                            123.0896636,
                            10.8141523
                        ],
                        [
                            123.0907045,
                            10.8137011
                        ],
                        [
                            123.0913409,
                            10.8134486
                        ],
                        [
                            123.0917961,
                            10.813403
                        ],
                        [
                            123.0921122,
                            10.8133285
                        ],
                        [
                            123.0925114,
                            10.8130585
                        ],
                        [
                            123.0935849,
                            10.8102512
                        ],
                        [
                            123.0950767,
                            10.8084436
                        ],
                        [
                            123.0956762,
                            10.8084488
                        ],
                        [
                            123.096666,
                            10.8084573
                        ],
                        [
                            123.0985062,
                            10.8077315
                        ],
                        [
                            123.1010941,
                            10.8053969
                        ],
                        [
                            123.1016728,
                            10.8048748
                        ],
                        [
                            123.1020471,
                            10.8049446
                        ],
                        [
                            123.1022874,
                            10.8054538
                        ],
                        [
                            123.1024989,
                            10.8059018
                        ],
                        [
                            123.105958,
                            10.8064786
                        ],
                        [
                            123.1096921,
                            10.8047104
                        ],
                        [
                            123.1098052,
                            10.8042023
                        ],
                        [
                            123.1095703,
                            10.8036081
                        ],
                        [
                            123.1091587,
                            10.802567
                        ],
                        [
                            123.1092959,
                            10.8014095
                        ],
                        [
                            123.1093234,
                            10.8011776
                        ],
                        [
                            123.110783,
                            10.8005654
                        ],
                        [
                            123.1119951,
                            10.8000569
                        ],
                        [
                            123.1128342,
                            10.799705
                        ],
                        [
                            123.1131415,
                            10.7995918
                        ],
                        [
                            123.1137955,
                            10.7993509
                        ],
                        [
                            123.1142492,
                            10.7998657
                        ],
                        [
                            123.1147911,
                            10.8004806
                        ],
                        [
                            123.1155064,
                            10.8010905
                        ],
                        [
                            123.1162296,
                            10.801707
                        ],
                        [
                            123.1166074,
                            10.8019611
                        ],
                        [
                            123.117263,
                            10.8021837
                        ],
                        [
                            123.1183102,
                            10.8025884
                        ],
                        [
                            123.1188423,
                            10.8031617
                        ],
                        [
                            123.1197693,
                            10.8034483
                        ],
                        [
                            123.1205761,
                            10.803128
                        ],
                        [
                            123.1212971,
                            10.8027233
                        ],
                        [
                            123.1215044,
                            10.8019285
                        ],
                        [
                            123.1219509,
                            10.8012225
                        ],
                        [
                            123.1223592,
                            10.8008093
                        ],
                        [
                            123.122813,
                            10.8004805
                        ],
                        [
                            123.1228249,
                            10.800254
                        ],
                        [
                            123.1227416,
                            10.7999879
                        ],
                        [
                            123.122682,
                            10.7997293
                        ],
                        [
                            123.1225841,
                            10.7995315
                        ],
                        [
                            123.12229,
                            10.7992648
                        ],
                        [
                            123.1221587,
                            10.7990914
                        ],
                        [
                            123.1220682,
                            10.7988647
                        ],
                        [
                            123.1220094,
                            10.798598
                        ],
                        [
                            123.1219551,
                            10.7978824
                        ],
                        [
                            123.1219642,
                            10.7976201
                        ],
                        [
                            123.122023,
                            10.7973179
                        ],
                        [
                            123.122118,
                            10.7970423
                        ],
                        [
                            123.1222311,
                            10.7968067
                        ],
                        [
                            123.1224226,
                            10.7965713
                        ],
                        [
                            123.1237578,
                            10.7947574
                        ],
                        [
                            123.1240148,
                            10.794836
                        ],
                        [
                            123.1245977,
                            10.7949057
                        ],
                        [
                            123.12483,
                            10.7948306
                        ],
                        [
                            123.1254213,
                            10.7945664
                        ],
                        [
                            123.1257471,
                            10.7943086
                        ],
                        [
                            123.1262178,
                            10.7938107
                        ],
                        [
                            123.1270504,
                            10.7929173
                        ],
                        [
                            123.1271318,
                            10.7927439
                        ],
                        [
                            123.127236,
                            10.792588
                        ],
                        [
                            123.1286005,
                            10.7911238
                        ],
                        [
                            123.1297763,
                            10.7895236
                        ],
                        [
                            123.1298687,
                            10.7893488
                        ],
                        [
                            123.1304532,
                            10.7884449
                        ],
                        [
                            123.1306653,
                            10.7880435
                        ],
                        [
                            123.1308562,
                            10.787726
                        ],
                        [
                            123.1312032,
                            10.7872982
                        ],
                        [
                            123.1323218,
                            10.7868374
                        ],
                        [
                            123.1331639,
                            10.7869482
                        ],
                        [
                            123.1335967,
                            10.7867552
                        ],
                        [
                            123.1341977,
                            10.7863438
                        ],
                        [
                            123.1344683,
                            10.7860523
                        ],
                        [
                            123.1350933,
                            10.7848745
                        ],
                        [
                            123.1352779,
                            10.7843018
                        ],
                        [
                            123.1356071,
                            10.7826469
                        ],
                        [
                            123.1359198,
                            10.7816119
                        ],
                        [
                            123.1363747,
                            10.7810889
                        ],
                        [
                            123.1368913,
                            10.7806495
                        ],
                        [
                            123.1373368,
                            10.7802065
                        ],
                        [
                            123.1382746,
                            10.7792071
                        ],
                        [
                            123.1384181,
                            10.7788923
                        ],
                        [
                            123.1385643,
                            10.7786363
                        ],
                        [
                            123.1388219,
                            10.7782762
                        ],
                        [
                            123.13765,
                            10.7771564
                        ],
                        [
                            123.1373985,
                            10.776639
                        ],
                        [
                            123.1371748,
                            10.7761115
                        ],
                        [
                            123.1365974,
                            10.7744855
                        ],
                        [
                            123.1366115,
                            10.773245
                        ],
                        [
                            123.1371172,
                            10.7717171
                        ],
                        [
                            123.1377427,
                            10.7706525
                        ],
                        [
                            123.1385222,
                            10.7700172
                        ],
                        [
                            123.1394694,
                            10.7694656
                        ],
                        [
                            123.1407535,
                            10.7690194
                        ],
                        [
                            123.1416404,
                            10.7686308
                        ],
                        [
                            123.1422454,
                            10.7682761
                        ],
                        [
                            123.1429754,
                            10.767625
                        ],
                        [
                            123.1436536,
                            10.7670556
                        ],
                        [
                            123.1449329,
                            10.7666733
                        ],
                        [
                            123.1452869,
                            10.7663586
                        ],
                        [
                            123.1453687,
                            10.7661876
                        ],
                        [
                            123.145519,
                            10.7658736
                        ],
                        [
                            123.1454534,
                            10.7656234
                        ],
                        [
                            123.14484,
                            10.7653484
                        ],
                        [
                            123.1444993,
                            10.7651957
                        ],
                        [
                            123.1443851,
                            10.7651445
                        ],
                        [
                            123.1442735,
                            10.7647335
                        ],
                        [
                            123.144274,
                            10.7641305
                        ],
                        [
                            123.1446614,
                            10.7637222
                        ],
                        [
                            123.1453664,
                            10.7630152
                        ],
                        [
                            123.1446882,
                            10.7625249
                        ],
                        [
                            123.1442424,
                            10.7618906
                        ],
                        [
                            123.144379,
                            10.7613059
                        ],
                        [
                            123.1449711,
                            10.7606506
                        ],
                        [
                            123.1461933,
                            10.7597749
                        ],
                        [
                            123.1473523,
                            10.758674
                        ],
                        [
                            123.1481332,
                            10.7581461
                        ],
                        [
                            123.149307,
                            10.757794
                        ],
                        [
                            123.1501908,
                            10.7570468
                        ],
                        [
                            123.1502018,
                            10.7561118
                        ],
                        [
                            123.1504341,
                            10.7558422
                        ],
                        [
                            123.1511739,
                            10.7556366
                        ],
                        [
                            123.1517629,
                            10.7555196
                        ],
                        [
                            123.151985,
                            10.7555315
                        ],
                        [
                            123.1521788,
                            10.755599
                        ],
                        [
                            123.1523258,
                            10.7557896
                        ],
                        [
                            123.1522976,
                            10.7563707
                        ],
                        [
                            123.1523968,
                            10.7567571
                        ],
                        [
                            123.1525669,
                            10.7569597
                        ],
                        [
                            123.1531512,
                            10.7573998
                        ],
                        [
                            123.1539139,
                            10.7574841
                        ],
                        [
                            123.1542611,
                            10.7573166
                        ],
                        [
                            123.1544913,
                            10.7571564
                        ],
                        [
                            123.1546791,
                            10.7569544
                        ],
                        [
                            123.1556415,
                            10.7559681
                        ],
                        [
                            123.156578,
                            10.7550701
                        ],
                        [
                            123.1566934,
                            10.7549092
                        ],
                        [
                            123.1567672,
                            10.7546887
                        ],
                        [
                            123.1568834,
                            10.7535085
                        ],
                        [
                            123.1572299,
                            10.7526021
                        ],
                        [
                            123.157413,
                            10.752293
                        ],
                        [
                            123.1575966,
                            10.7520829
                        ],
                        [
                            123.157851,
                            10.7519144
                        ],
                        [
                            123.158816,
                            10.7516963
                        ],
                        [
                            123.1600653,
                            10.7513645
                        ],
                        [
                            123.161551,
                            10.7507573
                        ],
                        [
                            123.1616974,
                            10.7506146
                        ],
                        [
                            123.1617871,
                            10.7505971
                        ],
                        [
                            123.1618674,
                            10.7507429
                        ],
                        [
                            123.1619432,
                            10.7510345
                        ],
                        [
                            123.1621613,
                            10.7516166
                        ],
                        [
                            123.1622722,
                            10.751792
                        ],
                        [
                            123.1625175,
                            10.7518074
                        ],
                        [
                            123.1626685,
                            10.7517549
                        ],
                        [
                            123.1627863,
                            10.7516359
                        ],
                        [
                            123.1633445,
                            10.7511312
                        ],
                        [
                            123.1639671,
                            10.7502482
                        ],
                        [
                            123.1640165,
                            10.7499912
                        ],
                        [
                            123.1639883,
                            10.7497527
                        ],
                        [
                            123.1637796,
                            10.7495233
                        ],
                        [
                            123.1635001,
                            10.7493704
                        ],
                        [
                            123.1622926,
                            10.7491525
                        ],
                        [
                            123.1619859,
                            10.7487502
                        ],
                        [
                            123.16191,
                            10.7485679
                        ],
                        [
                            123.1619544,
                            10.74833
                        ],
                        [
                            123.1627787,
                            10.7475906
                        ],
                        [
                            123.1635525,
                            10.7472297
                        ],
                        [
                            123.1639142,
                            10.7471094
                        ],
                        [
                            123.1641578,
                            10.7472212
                        ],
                        [
                            123.1647552,
                            10.7478615
                        ],
                        [
                            123.1655227,
                            10.748343
                        ],
                        [
                            123.1658157,
                            10.7484269
                        ],
                        [
                            123.1661654,
                            10.7484413
                        ],
                        [
                            123.1664946,
                            10.7482857
                        ],
                        [
                            123.1668199,
                            10.748015
                        ],
                        [
                            123.167046,
                            10.7477164
                        ],
                        [
                            123.1672082,
                            10.7466087
                        ],
                        [
                            123.1673833,
                            10.7461434
                        ],
                        [
                            123.1675434,
                            10.7458923
                        ],
                        [
                            123.1676518,
                            10.7457528
                        ],
                        [
                            123.1678168,
                            10.7456968
                        ],
                        [
                            123.1681244,
                            10.7457304
                        ],
                        [
                            123.1683894,
                            10.7459448
                        ],
                        [
                            123.1685515,
                            10.7461511
                        ],
                        [
                            123.1686134,
                            10.7465059
                        ],
                        [
                            123.1687908,
                            10.7470976
                        ],
                        [
                            123.1688762,
                            10.7472651
                        ],
                        [
                            123.1690611,
                            10.7474333
                        ],
                        [
                            123.1694217,
                            10.747463
                        ],
                        [
                            123.1697257,
                            10.7473676
                        ],
                        [
                            123.1699514,
                            10.7472741
                        ],
                        [
                            123.1707766,
                            10.746765
                        ],
                        [
                            123.1710343,
                            10.7464913
                        ],
                        [
                            123.1712925,
                            10.7454677
                        ],
                        [
                            123.1713846,
                            10.7453539
                        ],
                        [
                            123.1714767,
                            10.7453279
                        ],
                        [
                            123.1715987,
                            10.7453754
                        ],
                        [
                            123.1718058,
                            10.745446
                        ],
                        [
                            123.1719487,
                            10.7455147
                        ],
                        [
                            123.1733252,
                            10.7468486
                        ],
                        [
                            123.1742964,
                            10.7472863
                        ],
                        [
                            123.1748587,
                            10.7473825
                        ],
                        [
                            123.1754532,
                            10.7474049
                        ],
                        [
                            123.1763993,
                            10.7470983
                        ],
                        [
                            123.1767704,
                            10.7468858
                        ],
                        [
                            123.1771008,
                            10.7466004
                        ],
                        [
                            123.1773024,
                            10.7463307
                        ],
                        [
                            123.177903,
                            10.7453714
                        ],
                        [
                            123.1785764,
                            10.7445805
                        ],
                        [
                            123.1797074,
                            10.7439639
                        ],
                        [
                            123.1802944,
                            10.7432969
                        ],
                        [
                            123.1804643,
                            10.7430751
                        ],
                        [
                            123.1805439,
                            10.7429325
                        ],
                        [
                            123.2681785,
                            10.6867349
                        ],
                        [
                            123.2222753,
                            10.729508
                        ],
                        [
                            123.156174,
                            10.7950973
                        ],
                        [
                            123.1558614,
                            10.7950154
                        ],
                        [
                            123.1552986,
                            10.7953702
                        ],
                        [
                            123.1547645,
                            10.7952758
                        ],
                        [
                            123.1544791,
                            10.7951312
                        ],
                        [
                            123.1539678,
                            10.7946101
                        ],
                        [
                            123.153816,
                            10.794077
                        ],
                        [
                            123.1535349,
                            10.7937149
                        ],
                        [
                            123.1531611,
                            10.7936443
                        ],
                        [
                            123.1518746,
                            10.7941199
                        ],
                        [
                            123.1513681,
                            10.7946522
                        ],
                        [
                            123.1507724,
                            10.7952661
                        ],
                        [
                            123.1503885,
                            10.7957213
                        ],
                        [
                            123.1499359,
                            10.795968
                        ],
                        [
                            123.149199,
                            10.7961466
                        ],
                        [
                            123.1485837,
                            10.7964087
                        ],
                        [
                            123.1483423,
                            10.7964725
                        ],
                        [
                            123.1479156,
                            10.7967647
                        ],
                        [
                            123.1478423,
                            10.7968168
                        ],
                        [
                            123.1477496,
                            10.7968864
                        ],
                        [
                            123.1476846,
                            10.7969693
                        ],
                        [
                            123.1476858,
                            10.7970302
                        ],
                        [
                            123.1476964,
                            10.7970819
                        ],
                        [
                            123.1476966,
                            10.7971739
                        ],
                        [
                            123.1475318,
                            10.7974532
                        ],
                        [
                            123.1473252,
                            10.7976931
                        ],
                        [
                            123.1471401,
                            10.797868
                        ],
                        [
                            123.1470765,
                            10.7979512
                        ],
                        [
                            123.1470261,
                            10.7980823
                        ],
                        [
                            123.1470271,
                            10.7981813
                        ],
                        [
                            123.1470525,
                            10.7982555
                        ],
                        [
                            123.1470471,
                            10.7984037
                        ],
                        [
                            123.1469974,
                            10.7985451
                        ],
                        [
                            123.1469469,
                            10.7986708
                        ],
                        [
                            123.1469477,
                            10.798792
                        ],
                        [
                            123.1469771,
                            10.7988263
                        ],
                        [
                            123.1470969,
                            10.7988641
                        ],
                        [
                            123.147254,
                            10.798879
                        ],
                        [
                            123.1473559,
                            10.7989166
                        ],
                        [
                            123.1474204,
                            10.7990047
                        ],
                        [
                            123.1474638,
                            10.7991639
                        ],
                        [
                            123.1474797,
                            10.7992504
                        ],
                        [
                            123.1474676,
                            10.7993369
                        ],
                        [
                            123.1474327,
                            10.7993958
                        ],
                        [
                            123.1474235,
                            10.7994685
                        ],
                        [
                            123.1474471,
                            10.7995176
                        ],
                        [
                            123.1475224,
                            10.7998727
                        ],
                        [
                            123.1475364,
                            10.8000412
                        ],
                        [
                            123.1483131,
                            10.8010131
                        ],
                        [
                            123.1484465,
                            10.8011255
                        ],
                        [
                            123.1486183,
                            10.801184
                        ],
                        [
                            123.1488046,
                            10.8011399
                        ],
                        [
                            123.1489468,
                            10.8011476
                        ],
                        [
                            123.1490516,
                            10.8012104
                        ],
                        [
                            123.149172,
                            10.8012867
                        ],
                        [
                            123.1492433,
                            10.8013768
                        ],
                        [
                            123.1492494,
                            10.801447
                        ],
                        [
                            123.1492252,
                            10.8014921
                        ],
                        [
                            123.1491768,
                            10.8015731
                        ],
                        [
                            123.149164,
                            10.8017442
                        ],
                        [
                            123.149157,
                            10.8019258
                        ],
                        [
                            123.1494327,
                            10.8023804
                        ],
                        [
                            123.1495517,
                            10.8028102
                        ],
                        [
                            123.1494887,
                            10.8031408
                        ],
                        [
                            123.1490718,
                            10.8031728
                        ],
                        [
                            123.1487334,
                            10.8033906
                        ],
                        [
                            123.1486499,
                            10.8038493
                        ],
                        [
                            123.1485975,
                            10.8049383
                        ],
                        [
                            123.1487374,
                            10.8057538
                        ],
                        [
                            123.1485415,
                            10.8059066
                        ],
                        [
                            123.1481464,
                            10.8060553
                        ],
                        [
                            123.1475148,
                            10.8067452
                        ],
                        [
                            123.1470296,
                            10.8071833
                        ],
                        [
                            123.1466497,
                            10.807338
                        ],
                        [
                            123.1461578,
                            10.8072472
                        ],
                        [
                            123.1460019,
                            10.8073767
                        ],
                        [
                            123.145879,
                            10.8078207
                        ],
                        [
                            123.1459214,
                            10.8081564
                        ],
                        [
                            123.1462823,
                            10.8083697
                        ],
                        [
                            123.1461189,
                            10.8091223
                        ],
                        [
                            123.1461322,
                            10.8092541
                        ],
                        [
                            123.1464137,
                            10.80981
                        ],
                        [
                            123.1463592,
                            10.8100236
                        ],
                        [
                            123.1461371,
                            10.8102544
                        ],
                        [
                            123.1459101,
                            10.8103405
                        ],
                        [
                            123.1453907,
                            10.8109028
                        ],
                        [
                            123.145265,
                            10.8111758
                        ],
                        [
                            123.14528,
                            10.8114673
                        ],
                        [
                            123.1456985,
                            10.8117672
                        ],
                        [
                            123.1459959,
                            10.8117748
                        ],
                        [
                            123.146222,
                            10.8119451
                        ],
                        [
                            123.145959,
                            10.81246
                        ],
                        [
                            123.1461016,
                            10.8128068
                        ],
                        [
                            123.1463421,
                            10.8129975
                        ],
                        [
                            123.1464324,
                            10.8130583
                        ],
                        [
                            123.146482,
                            10.8131131
                        ],
                        [
                            123.1465037,
                            10.813148
                        ],
                        [
                            123.1465161,
                            10.8131828
                        ],
                        [
                            123.1465184,
                            10.8132226
                        ],
                        [
                            123.1465113,
                            10.8132623
                        ],
                        [
                            123.146502,
                            10.8133017
                        ],
                        [
                            123.146478,
                            10.8133478
                        ],
                        [
                            123.1464142,
                            10.8134026
                        ],
                        [
                            123.1463731,
                            10.8134292
                        ],
                        [
                            123.1463302,
                            10.8134454
                        ],
                        [
                            123.1462699,
                            10.81346
                        ],
                        [
                            123.146206,
                            10.813466
                        ],
                        [
                            123.1461438,
                            10.8134692
                        ],
                        [
                            123.1460476,
                            10.8134674
                        ],
                        [
                            123.1459635,
                            10.8134856
                        ],
                        [
                            123.1458706,
                            10.8135359
                        ],
                        [
                            123.1454755,
                            10.8139381
                        ],
                        [
                            123.1454312,
                            10.8140816
                        ],
                        [
                            123.1454199,
                            10.8141702
                        ],
                        [
                            123.1454153,
                            10.8143013
                        ],
                        [
                            123.145435,
                            10.8144325
                        ],
                        [
                            123.1454409,
                            10.8145324
                        ],
                        [
                            123.1454061,
                            10.8146636
                        ],
                        [
                            123.145034,
                            10.8154928
                        ],
                        [
                            123.1449568,
                            10.8157491
                        ],
                        [
                            123.1449059,
                            10.8158416
                        ],
                        [
                            123.1448388,
                            10.8159141
                        ],
                        [
                            123.1447452,
                            10.8159527
                        ],
                        [
                            123.1446229,
                            10.815958
                        ],
                        [
                            123.144476,
                            10.8159208
                        ],
                        [
                            123.144353,
                            10.8158542
                        ],
                        [
                            123.1442858,
                            10.815805
                        ],
                        [
                            123.1442307,
                            10.8157418
                        ],
                        [
                            123.1439499,
                            10.8150674
                        ],
                        [
                            123.1439061,
                            10.8150072
                        ],
                        [
                            123.1438297,
                            10.8149813
                        ],
                        [
                            123.1437608,
                            10.8149779
                        ],
                        [
                            123.1436837,
                            10.8149847
                        ],
                        [
                            123.1436369,
                            10.8150007
                        ],
                        [
                            123.143176,
                            10.815282
                        ],
                        [
                            123.1431585,
                            10.815302
                        ],
                        [
                            123.1431456,
                            10.8153346
                        ],
                        [
                            123.1431454,
                            10.8153704
                        ],
                        [
                            123.1431578,
                            10.8154377
                        ],
                        [
                            123.1431572,
                            10.8156408
                        ],
                        [
                            123.1431467,
                            10.8159467
                        ],
                        [
                            123.1431483,
                            10.8160089
                        ],
                        [
                            123.1431636,
                            10.8160543
                        ],
                        [
                            123.1432021,
                            10.816091
                        ],
                        [
                            123.1433216,
                            10.8161455
                        ],
                        [
                            123.143374,
                            10.8161727
                        ],
                        [
                            123.143421,
                            10.8162079
                        ],
                        [
                            123.1435876,
                            10.8163406
                        ],
                        [
                            123.1438808,
                            10.8166007
                        ],
                        [
                            123.1455594,
                            10.8180174
                        ],
                        [
                            123.1464093,
                            10.8185717
                        ],
                        [
                            123.1467259,
                            10.8187341
                        ],
                        [
                            123.1467771,
                            10.8187434
                        ],
                        [
                            123.1468391,
                            10.8187376
                        ],
                        [
                            123.1468934,
                            10.8187205
                        ],
                        [
                            123.1469524,
                            10.8186942
                        ],
                        [
                            123.1470144,
                            10.8186574
                        ],
                        [
                            123.1470809,
                            10.8186074
                        ],
                        [
                            123.1471304,
                            10.8185574
                        ],
                        [
                            123.1471802,
                            10.8184877
                        ],
                        [
                            123.147443,
                            10.8180517
                        ],
                        [
                            123.1475068,
                            10.8179867
                        ],
                        [
                            123.1475911,
                            10.8179451
                        ],
                        [
                            123.1476718,
                            10.8179198
                        ],
                        [
                            123.1477537,
                            10.8179041
                        ],
                        [
                            123.1478325,
                            10.8179096
                        ],
                        [
                            123.1484196,
                            10.8181962
                        ],
                        [
                            123.1484504,
                            10.8182313
                        ],
                        [
                            123.1484628,
                            10.8182701
                        ],
                        [
                            123.1484674,
                            10.8183149
                        ],
                        [
                            123.148449,
                            10.81837
                        ],
                        [
                            123.1484137,
                            10.8184342
                        ],
                        [
                            123.1481967,
                            10.8188129
                        ],
                        [
                            123.1472512,
                            10.8193009
                        ],
                        [
                            123.1471517,
                            10.8195903
                        ],
                        [
                            123.1473468,
                            10.8198885
                        ],
                        [
                            123.147626,
                            10.8200395
                        ],
                        [
                            123.1479812,
                            10.8198524
                        ],
                        [
                            123.1481334,
                            10.8199458
                        ],
                        [
                            123.1481527,
                            10.8202102
                        ],
                        [
                            123.1478935,
                            10.8206133
                        ],
                        [
                            123.1466895,
                            10.8212532
                        ],
                        [
                            123.1465439,
                            10.8214334
                        ],
                        [
                            123.1463599,
                            10.8220283
                        ],
                        [
                            123.1465056,
                            10.8227891
                        ],
                        [
                            123.1465202,
                            10.823413
                        ],
                        [
                            123.145834,
                            10.8249873
                        ],
                        [
                            123.1456371,
                            10.8253006
                        ],
                        [
                            123.1447786,
                            10.8256768
                        ],
                        [
                            123.1445205,
                            10.8259927
                        ],
                        [
                            123.1443191,
                            10.826697
                        ],
                        [
                            123.1439899,
                            10.8273273
                        ],
                        [
                            123.1439346,
                            10.8273878
                        ],
                        [
                            123.1438676,
                            10.8274414
                        ],
                        [
                            123.1435048,
                            10.8276563
                        ],
                        [
                            123.1424997,
                            10.8282478
                        ],
                        [
                            123.1424134,
                            10.8283172
                        ],
                        [
                            123.1423368,
                            10.8284205
                        ],
                        [
                            123.1422802,
                            10.8285297
                        ],
                        [
                            123.1422349,
                            10.8286648
                        ],
                        [
                            123.1420821,
                            10.8297274
                        ],
                        [
                            123.1325955,
                            10.8295709
                        ],
                        [
                            123.1294486,
                            10.8333208
                        ],
                        [
                            123.1191833,
                            10.827259
                        ],
                        [
                            123.1052261,
                            10.8300007
                        ],
                        [
                            123.1048085,
                            10.8303322
                        ],
                        [
                            123.1005451,
                            10.8320359
                        ],
                        [
                            123.0822967,
                            10.8396475
                        ],
                        [
                            123.045996,
                            10.8553886
                        ],
                        [
                            123.0436025,
                            10.8567351
                        ],
                        [
                            123.0354659,
                            10.8626518
                        ],
                        [
                            123.0353881,
                            10.8628186
                        ],
                        [
                            123.035381,
                            10.8629855
                        ],
                        [
                            123.0354518,
                            10.8635972
                        ],
                        [
                            123.0354518,
                            10.8638648
                        ],
                        [
                            123.0353952,
                            10.8642576
                        ],
                        [
                            123.03515,
                            10.8652255
                        ],
                        [
                            123.0350856,
                            10.8659791
                        ],
                        [
                            123.0349252,
                            10.8670569
                        ],
                        [
                            123.0348609,
                            10.8674135
                        ],
                        [
                            123.0347825,
                            10.8689727
                        ],
                        [
                            123.0348917,
                            10.8699271
                        ],
                        [
                            123.0349655,
                            10.8701795
                        ],
                        [
                            123.03538,
                            10.8710966
                        ],
                        [
                            123.0355518,
                            10.8713153
                        ],
                        [
                            123.0357378,
                            10.8714645
                        ],
                        [
                            123.0359685,
                            10.871587
                        ],
                        [
                            123.0362806,
                            10.8716056
                        ],
                        [
                            123.0382059,
                            10.8713184
                        ],
                        [
                            123.0385647,
                            10.8713277
                        ],
                        [
                            123.0392877,
                            10.8715572
                        ],
                        [
                            123.0395192,
                            10.8715953
                        ],
                        [
                            123.0403298,
                            10.8715555
                        ],
                        [
                            123.0405934,
                            10.8715337
                        ],
                        [
                            123.0408851,
                            10.871567
                        ],
                        [
                            123.0422695,
                            10.8719717
                        ],
                        [
                            123.0427387,
                            10.8722113
                        ],
                        [
                            123.0437092,
                            10.8731725
                        ],
                        [
                            123.0449014,
                            10.8747199
                        ],
                        [
                            123.0450385,
                            10.8749513
                        ],
                        [
                            123.0452495,
                            10.8754854
                        ],
                        [
                            123.0452849,
                            10.8758136
                        ],
                        [
                            123.0453019,
                            10.876154
                        ],
                        [
                            123.0452772,
                            10.8782478
                        ],
                        [
                            123.0452403,
                            10.8785443
                        ],
                        [
                            123.045191,
                            10.878741
                        ],
                        [
                            123.0450801,
                            10.8788772
                        ],
                        [
                            123.0449075,
                            10.8790406
                        ],
                        [
                            123.043367,
                            10.8796094
                        ],
                        [
                            123.043065,
                            10.879688
                        ],
                        [
                            123.0425382,
                            10.8797395
                        ],
                        [
                            123.0420113,
                            10.8796941
                        ],
                        [
                            123.0417402,
                            10.8795972
                        ],
                        [
                            123.0415184,
                            10.8794097
                        ],
                        [
                            123.0396115,
                            10.8772561
                        ],
                        [
                            123.0393247,
                            10.8771043
                        ],
                        [
                            123.0391215,
                            10.8770506
                        ],
                        [
                            123.0388807,
                            10.8770075
                        ],
                        [
                            123.0386721,
                            10.8770013
                        ],
                        [
                            123.0384689,
                            10.8770372
                        ],
                        [
                            123.0382609,
                            10.8770958
                        ],
                        [
                            123.0380636,
                            10.8772282
                        ],
                        [
                            123.036739,
                            10.8784208
                        ],
                        [
                            123.0365695,
                            10.8786439
                        ],
                        [
                            123.0364537,
                            10.8789038
                        ],
                        [
                            123.0363829,
                            10.8791708
                        ],
                        [
                            123.036338,
                            10.8795047
                        ],
                        [
                            123.0363769,
                            10.8798036
                        ],
                        [
                            123.0367892,
                            10.8817279
                        ],
                        [
                            123.0368602,
                            10.8819603
                        ],
                        [
                            123.0369741,
                            10.8821769
                        ],
                        [
                            123.0380149,
                            10.8837312
                        ],
                        [
                            123.0382211,
                            10.8839473
                        ],
                        [
                            123.0395957,
                            10.8853542
                        ],
                        [
                            123.0397241,
                            10.885523
                        ],
                        [
                            123.0398016,
                            10.8857008
                        ],
                        [
                            123.0399797,
                            10.8874845
                        ],
                        [
                            123.0399498,
                            10.8878602
                        ],
                        [
                            123.039879,
                            10.8891635
                        ],
                        [
                            123.0397728,
                            10.8898932
                        ],
                        [
                            123.0390442,
                            10.8920318
                        ],
                        [
                            123.0388406,
                            10.8926834
                        ],
                        [
                            123.0387561,
                            10.8931485
                        ],
                        [
                            123.0387303,
                            10.8936859
                        ],
                        [
                            123.038765,
                            10.8943419
                        ],
                        [
                            123.0388634,
                            10.8949403
                        ],
                        [
                            123.0390154,
                            10.8955386
                        ],
                        [
                            123.0392278,
                            10.8961304
                        ],
                        [
                            123.0394938,
                            10.8966958
                        ],
                        [
                            123.0405595,
                            10.8984733
                        ],
                        [
                            123.040994,
                            10.898992
                        ],
                        [
                            123.0414619,
                            10.8994843
                        ],
                        [
                            123.0426235,
                            10.9005313
                        ],
                        [
                            123.0429549,
                            10.9011032
                        ],
                        [
                            123.0430099,
                            10.9015473
                        ],
                        [
                            123.0428761,
                            10.9018887
                        ],
                        [
                            123.0426934,
                            10.9020561
                        ],
                        [
                            123.0424789,
                            10.9020903
                        ],
                        [
                            123.0423528,
                            10.9020851
                        ],
                        [
                            123.0422066,
                            10.9020535
                        ],
                        [
                            123.0419518,
                            10.9020008
                        ],
                        [
                            123.0416621,
                            10.9019507
                        ],
                        [
                            123.0415495,
                            10.9019468
                        ],
                        [
                            123.0413121,
                            10.9019188
                        ],
                        [
                            123.0411994,
                            10.9018994
                        ],
                        [
                            123.0409835,
                            10.901877
                        ],
                        [
                            123.0406617,
                            10.9017993
                        ],
                        [
                            123.0403478,
                            10.9016808
                        ],
                        [
                            123.0400836,
                            10.9015728
                        ],
                        [
                            123.0396961,
                            10.901395
                        ],
                        [
                            123.0393152,
                            10.9012462
                        ],
                        [
                            123.0391207,
                            10.9011606
                        ],
                        [
                            123.0388217,
                            10.9010526
                        ],
                        [
                            123.0386715,
                            10.9010092
                        ],
                        [
                            123.0384475,
                            10.9009183
                        ],
                        [
                            123.0376804,
                            10.900805
                        ],
                        [
                            123.0360147,
                            10.9012643
                        ],
                        [
                            123.0353883,
                            10.9020378
                        ],
                        [
                            123.0354057,
                            10.9025584
                        ],
                        [
                            123.0361029,
                            10.9039492
                        ],
                        [
                            123.036709,
                            10.9048131
                        ],
                        [
                            123.0376075,
                            10.9055085
                        ],
                        [
                            123.0382606,
                            10.9056349
                        ],
                        [
                            123.0407161,
                            10.9055085
                        ],
                        [
                            123.0412261,
                            10.9056795
                        ],
                        [
                            123.0414489,
                            10.9059862
                        ],
                        [
                            123.0417642,
                            10.9062028
                        ],
                        [
                            123.0424904,
                            10.9066166
                        ],
                        [
                            123.0429163,
                            10.9069567
                        ],
                        [
                            123.0429353,
                            10.9072634
                        ],
                        [
                            123.0426538,
                            10.9075069
                        ],
                        [
                            123.0398232,
                            10.9082387
                        ],
                        [
                            123.0371861,
                            10.9090778
                        ],
                        [
                            123.0356411,
                            10.910932
                        ],
                        [
                            123.0339283,
                            10.9134463
                        ],
                        [
                            123.0336047,
                            10.9135628
                        ],
                        [
                            123.0340234,
                            10.9144122
                        ],
                        [
                            123.0341012,
                            10.9147072
                        ],
                        [
                            123.0341119,
                            10.9150917
                        ],
                        [
                            123.0342111,
                            10.9153735
                        ],
                        [
                            123.0343882,
                            10.9155262
                        ],
                        [
                            123.0351097,
                            10.9156737
                        ],
                        [
                            123.0351358,
                            10.915734
                        ],
                        [
                            123.0350424,
                            10.920915
                        ],
                        [
                            123.0318848,
                            10.9220442
                        ],
                        [
                            123.0306232,
                            10.9516398
                        ],
                        [
                            123.0313098,
                            10.9613806
                        ],
                        [
                            123.0318248,
                            10.9908443
                        ],
                        [
                            123.0315974,
                            11.0011026
                        ],
                        [
                            123.0024084,
                            10.9894095
                        ],
                        [
                            122.9861981,
                            10.982219
                        ],
                        [
                            122.9347454,
                            10.9632991
                        ],
                        [
                            122.9083892,
                            10.9545828
                        ],
                        [
                            122.905737,
                            10.9515055
                        ],
                        [
                            122.8697895,
                            10.9159729
                        ],
                        [
                            122.869561,
                            10.8910612
                        ],
                        [
                            122.8665296,
                            10.8722113
                        ]
                    ]
                ]
            }
        }
    ]
}